Paramètres chimiques;CH01
Utilisation stockage produits chimiques;CH02
Échantillonnage et Analyses chimiques;CH03
Modifications;CI02
Conformité de l’installation (séisme, qualification);CI03
Prescriptif;CI04
Communication du site;CO01
Qualité de la doc (présente, adaptée, adéquate);DO01
Qualité des bases de données;DO02
Gestion de la documentation;DO03
Risques NQM-NQE;EM01
Analyse de risque;EM02
Manutention / Levage;EM03
OEEI – Tenue de Chantier;EM04
Exclusion des corps étrangers (FME);EM05
Préparation des dossiers d’intervention;EM06
Planification des interventions;EM07
Contrôle Technique;EM08
Surveillance des prestataires;EM09
Respect du délai d’intervention;EM10
Risque sur la production - Rendement;EM11
Logistique Industrielle;EM12
EP;EM13
Colisage / Entreposage / Balisage / Repérage;EM14
Surveillance de l’installation;EM15
Requalification;EM16
Pièces de rechange;EM17
Log. Tertiaire - Bâtiment - Voirie - Parking;EM18
Reprise d’activité – Relève;EM19
Surveillance  Sérénité  Manœuvres en SDC;EM20
Rejets substances radioactives;EN01
Rejets substances chimiques;EN03
Déchets;EN04
Présence physique du manager en formation;FO01
Habilitation – Qualification;FO02
Absentéisme/Retard/Planification;FO04
Compétences sur le terrain;FO05
Incendie;IN01
Dégradation/Défaillance d’un matériel;MA01
Matériel/Application Informatique et Telecom;MA08
Instrumentation et contrôle commande;MA11
Outillage/Métrologie;MA13
DMP – MTI;MA14
Ressources humaines;OM01
Ressources budgétaires / Impact financier;OM02
Homogénéisation  Pratiques et  Méthodes;OM04
Environnement Qualité de vie au travail;OM05
Fonctionnement des instances de site;OM06
Pilotage site;OM08
Politique Industrielle - Prestataires;OM10
Prise en compte du REX;OM11
Présence – Ponctualité - Pointage;OM12
Prise/Mise en œuvre de décision;OM13
Traitement des écarts (DI 55);OM14
Réglementation;OM15
Qualité du renseignement/Rédaction;PH01
Application / Respect des procédures;PH02
Pratiques de Fiabilisation;PH03
Gestes et Pratiques de travail – Culture Sûreté;PH04
Appropriation du dossier d’intervention;PH05
Protection Site - Accès -Badges - Matériel PS;PS01
Exposition  du personnel – Tirs radio;RP01
Propreté radiologique;RP02
Matériel RP;RP03
Transp internes mat radio et sources radio;RP04
Pratiques professionnelles de Radioprotection;RP05
Comportements sécurité;SE01
Situations sécurité;SE02
Consignations;SE04
Risque AAR;SN01
Risque Non Respect STE;SN03
Manutention combustible;SN04
Condamnations administratives;SN07
PUI;SN09
Lignage – N3C;SN14
Maîtrise de la réactivité;SN16
