CH01;Paramètres chimiques;Chimie;Paramètres chimiques
CH02;Utilisation stockage produits chimiques;Chimie;Utilisation stockage produits chimiques
CH03;Échantillonnage et Analyses chimiques;Chimie;Échantillonnage et Analyses chimiques
CI02;Modifications;Conception;Modif.
CI03;Conformité de l’installation (séisme, qualification);Conception;Conform.
CI04;Prescriptif;Conception;Prescrip.
CO01;Communication du site;Communication;Comm.
DO01;Qualité de la doc (présente, adaptée, adéquate);Documentation;Doc
DO02;Qualité des bases de données;Documentation;Bdd
DO03;Gestion de la documentation;Documentation;Gestion Doc
EM01;Risques NQM-NQE;Exploitation-Maintenance;NQME
EM02;Analyse de risque;Exploitation-Maintenance;AdR
EM03;Manutention / Levage;Exploitation-Maintenance;Manut
EM04;OEEI – Tenue de Chantier;Exploitation-Maintenance;EEI
EM05;Exclusion des corps étrangers (FME);Exploitation-Maintenance;FME
EM06;Préparation des dossiers d’intervention;Exploitation-Maintenance;Prepa
EM07;Planification des interventions;Exploitation-Maintenance;Planning
EM08;Contrôle Technique;Exploitation-Maintenance;CT
EM09;Surveillance des prestataires;Exploitation-Maintenance;Surv.
EM10;Respect du délai d’intervention;Exploitation-Maintenance;Coordo.
EM11;Risque sur la production - Rendement;Exploitation-Maintenance;Risq. Prod.
EM12;Logistique Industrielle;Exploitation-Maintenance;Log
EM13;EP;Exploitation-Maintenance;EP
EM14;Colisage / Entreposage / Balisage / Repérage;Exploitation-Maintenance;Colisage
EM15;Surveillance de l’installation;Exploitation-Maintenance;Surv. Inst.
EM16;Requalification;Exploitation-Maintenance;Rklif
EM17;Pièces de rechange;Exploitation-Maintenance;PdR
EM18;Log. Tertiaire - Bâtiment - Voirie - Parking;Exploitation-Maintenance;Log Tertiaire
EM19;Reprise d’activité – Relève;Exploitation-Maintenance;Releve
EM20;Surveillance  Sérénité  Manœuvres en SDC;Exploitation-Maintenance;Surv. SdC.
EN01;Rejets substances radioactives;Environnement;Rejets substances radioactives
EN03;Rejets substances chimiques;Environnement;Rejets substances chimiques
EN04;Déchets;Environnement;Déchets
FO01;Présence physique du manager en formation;Formation-Compétences;Pres. Manag.
FO02;Habilitation – Qualification;Formation-Compétences;Habil.
FO04;Absentéisme/Retard/Planification;Formation-Compétences;Abs.
FO05;Compétences sur le terrain;Formation-Compétences;Comp.
IN01;Incendie;Formation-Compétences;Incendie
MA01;Dégradation/Défaillance d’un matériel;Matériel;Def. Mat
MA08;Matériel/Application Informatique et Telecom;Matériel;Info
MA11;Instrumentation et contrôle commande;Matériel;Instrum
MA13;Outillage/Métrologie;Matériel;Outil
MA14;DMP – MTI;Matériel;DMP – MTI
OM01;Ressources humaines;Organisation-Management;RH
OM02;Ressources budgétaires / Impact financier;Organisation-Management;Budg.
OM04;Homogénéisation  Pratiques et  Méthodes;Organisation-Management;HPM
OM05;Environnement Qualité de vie au travail;Organisation-Management;QVST
OM06;Fonctionnement des instances de site;Organisation-Management;Fn Instances.
OM08;Pilotage site;Organisation-Management;Pil.
OM10;Politique Industrielle - Prestataires;Organisation-Management;Presta
OM11;Prise en compte du REX;Organisation-Management;REX
OM12;Présence – Ponctualité - Pointage;Organisation-Management;Pointage
OM13;Prise/Mise en œuvre de décision;Organisation-Management;Decision
OM14;Traitement des écarts (DI 55);Organisation-Management;Ecarts
OM15;Réglementation;Organisation-Management;Réglementation
PH01;Qualité du renseignement/Rédaction;Performance Humaine;Qualité Rens.
PH02;Application / Respect des procédures;Performance Humaine;App. Proc.
PH03;Pratiques de Fiabilisation;Performance Humaine;PFI
PH04;Gestes et Pratiques de travail – Culture Sûreté;Performance Humaine;Cult. Sur.
PH05;Appropriation du dossier d’intervention;Performance Humaine;Appro. Dossier
PS01;Protection Site - Accès -Badges - Matériel PS;Protection Site;PS
RP01;Exposition  du personnel – Tirs radio;Radioprotection;Tir Radio
RP02;Propreté radiologique;Radioprotection;RP
RP03;Matériel RP;Radioprotection;Matériel RP
RP04;Transp internes mat radio et sources radio;Radioprotection;Trans. Radio
RP05;Pratiques professionnelles de Radioprotection;Radioprotection;RP
SE01;Comportements sécurité;Sécurité;Comp. Sécu.
SE02;Situations sécurité;Sécurité;Situ. Sécu.
SE04;Consignations;Sécurité;Cons.
SN01;Risque AAR;Sûreté Nucléaire;AAR
SN03;Risque Non Respect STE;Sûreté Nucléaire;NC STE
SN04;Manutention combustible;Sûreté Nucléaire;Manut. K
SN07;Condamnations administratives;Sûreté Nucléaire;CA
SN09;PUI;Sûreté Nucléaire;PUI
SN14;Lignage – N3C;Sûreté Nucléaire;N3C
SN16;Maîtrise de la réactivité;Sûreté Nucléaire;React.
